"datasetID","dataType","nSamples","nAnalytes","minRowNonNaNumber.log2","maxRowNonNaNumber.log2","minRowNaPercentage.log2","maxRowNaPercentage.log2","minColNaPercentage.log2","maxColNaPercentage.log2","percNATotal.log2","percOfRowsWithNAs.log2","percOfColsWithNAs.log2","corSampleMeanNA.log2","corSampleMeanNAPval.log2","corAnalyteMeanNA.log2","corAnalyteMeanNAPval.log2","mean.wNAs.log2","median.wNAs.log2","min.wNAs.log2","max.wNAs.log2","medianSampleVariance.wNAs.log2","medianAnalyteVariance.wNAs.log2","variance.wNAs.log2","kurtosis.wNAs.log2","skewness.wNAs.log2","prctPC1.wNAs.log2","prctPC2.wNAs.log2","bimodalityRowCorr.wNAs.log2","bimodalityRowCorrSeed.wNAs.log2","bimodalityColCorr.wNAs.log2","bimodalityColCorrSeed.wNAs.log2","linearCoefPoly2Row.wNAs.log2","quadraticCoefPoly2Row.wNAs.log2","coefHclustRows.wNAs.log2","coefHclustRowsSeed.wNAs.log2","intensityNAProb50.sd.wNAs.log2","intensityNAProb90.sd.wNAs.log2","intensityNAProbSeed.wNAs.log2","intensityNAProbnSamplesWithProbValue.wNAs.log2","nDistinctValues.log2","nNegativeNumbers.log2"
"E-CURD-1-fpkms_median.tsv","RNAseq_fpkms_median",56,30445,1,55,1.78571428571429,98.2142857142857,4.87107899490885,99.9704384956479,29.281373906107,100,100,-0.0152426520847573,0.911122533484168,-0.809105342324991,0,2.41697052861943,2.8073549220576,-3.32192809488736,20.5179749658897,7.20710779152274,1.15735835094134,7.45485640870291,-0.217825408203209,-0.234071443964633,0.191637055688178,0.167251426814788,NA,123,2.65889720760041,NA,0.0624418637364096,-0.0279466566935546,0.766830087486516,123,2.05509596106711,2.45839966952014,NA,55,2758,0
"E-CURD-26-fpkms_median.tsv","RNAseq_fpkms_median",11,18254,1,11,0,90.9090909090909,23.9673496220007,51.5996493919141,41.7846150781398,74.7288265585625,100,-0.681818181818182,0.0254755837807706,-0.511491457270827,0,3.76570604386359,3.58496250072116,-3.32192809488736,15.8952439167275,3.96509365334842,0.725043577323854,4.10633527875333,1.57420858226321,0.587274917245661,0.435632759538308,0.148999012372867,NA,123,1.01541681727901,NA,-0.115246598788006,0.0169593335399932,0.835839426845389,123,0.730977680261065,1.27615387539762,NA,11,1732,0
"E-CURD-27-fpkms_median.tsv","RNAseq_fpkms_median",15,25268,1,15,0,93.3333333333333,12.620706031344,89.3422510685452,28.2106485145903,89.7300933987652,100,0.0607142857142857,0.832426178918743,-0.762445255830141,0,1.99110080331875,2,-3.32192809488736,14.1329013148895,6.53829254304878,0.851259946750248,6.65352768097962,0.39480058225551,0.434505428130449,0.610968177953655,0.126979253473619,NA,123,1.41047853194578,NA,0.0495745999929952,-0.0181291740472032,0.915691630221283,123,2.01311459293098,2.33338600441513,NA,15,1775,0
"E-ENAD-1-fpkms_median.tsv","RNAseq_fpkms_median",20,23172,1,20,0,95,11.0391852235457,16.1531158294493,12.7964785085448,29.0997755912308,100,-0.0902255639097744,0.70483738860394,-0.705750824854189,0,2.69414786894162,3,-3.32192809488736,15.1120321844262,7.52382334758496,0.575535398011652,7.5152284964026,-0.285430675282107,-0.113521246425736,0.308635411388936,0.118230772900588,NA,123,0.287415964930711,NA,-0.0314685727318757,-0.010396617074349,0.717450401296309,123,0.384721103295766,0.726512665520761,NA,20,1859,0
"E-ENAD-2-fpkms_median.tsv","RNAseq_fpkms_median",10,22310,1,10,0,90,9.86104885701479,16.006275212909,13.8641864634693,27.6557597489915,100,0.418181818181818,0.232418098250503,-0.711113842695542,0,2.41838707572389,2.8073549220576,-3.32192809488736,14.609582765481,8.41260915976044,0.352055643100403,8.43164558494919,-0.404524413098607,-0.196574201493301,0.414161345600345,0.136258153872728,NA,123,0.887037870601759,NA,-0.0209409499176064,-0.021486386098754,0.82625490700842,123,0.281124137526214,0.223692980586259,NA,10,1376,0
"E-ENAD-25-fpkms_median.tsv","RNAseq_fpkms_median",6,30848,1,6,0,83.3333333333333,14.1727178423237,35.9537085062241,23.1181924273859,44.7127852697095,100,-0.885714285714286,0.0333333333333333,-0.735792129401839,0,1.5154066276416,1.58496250072116,-3.32192809488736,14.6176396417289,8.17457020166203,1.46620563472777,8.35100065771131,-0.349954537750203,0.181918161279254,0.579124838539637,0.203091677294263,NA,123,1.21873509929917,NA,0.174427544379079,-0.0714659088208946,0.897776589658134,123,0.687273563182413,0.693797531416456,NA,6,1222,0
"E-ENAD-33-fpkms_median.tsv","RNAseq_fpkms_median",106,42062,1,106,0,99.0566037735849,38.8260187342494,55.2969426085303,46.74059317647,68.2991774047834,100,0.8036728216238,0,-0.794443686369789,0,0.740472792389594,1,-3.32192809488736,14.4983506079296,7.38860461906083,0.47794965356065,7.43611765937541,-0.730268906907054,0.16996823000234,0.244075706416302,0.148886660084956,NA,123,0.189590408501174,NA,0.0683510843682207,-0.0442552768385638,0.710605189998155,123,0.276725180554525,0.468547410631848,NA,106,2634,0
"E-ENAD-34-fpkms_median.tsv","RNAseq_fpkms_median",11,32457,1,11,0,90.9090909090909,19.0744677573405,34.9878300520689,25.2109784414064,49.4562035924454,100,-0.572727272727273,0.0706011110697353,-0.652704635584651,0,0.519297635268916,0,-3.32192809488736,16.4763981434162,6.99418325347813,0.636639338463447,7.09679008082681,-0.435437759864604,0.351675741880519,0.645947582800745,0.275217149610083,NA,123,2.36795375836793,NA,0.336739927398802,-0.0740301194825152,0.917311194697582,123,0.592549183768105,0.583354371971201,NA,11,838,0
"E-ENAD-35-fpkms_median.tsv","RNAseq_fpkms_median",191,47197,1,191,0,99.4764397905759,39.8542280229676,63.4171663453186,49.0622185477003,76.6616522236583,100,0.798320988462951,1.71814865821968e-43,-0.758384851703369,0,0.527517081664562,0,-3.32192809488736,15.176640671134,8.18206692823241,0.326162648900774,8.15652881207941,-0.824699531958465,0.291325587499953,0.161254648929942,0.102296925904509,NA,123,2.42536953835056,NA,0.0495760103714413,-0.0254803879906758,0.70712511437056,123,0.274810838020918,0.307422192622496,NA,191,3188,0
"E-ENAD-41-fpkms_median.tsv","RNAseq_fpkms_median",89,26853,1,89,0,98.876404494382,28.5927084497077,48.7133653595501,39.1985160990947,56.6305440732879,100,0.951493664860783,2.60148792880872e-46,-0.803405078329826,0,1.34759733651695,1.58496250072116,-3.32192809488736,14.9714986486503,7.43426413033488,0.252466834524873,7.45234164390582,-0.545368718101857,0.0364375389772684,0.287561596828758,0.0620324847445249,NA,123,0.192437606721889,NA,-0.0161640005466385,-0.0130794163044553,0.717628842791373,123,0.367064458186896,0.615942350157909,NA,89,2581,0
"E-ENAD-42-fpkms_median.tsv","RNAseq_fpkms_median",118,52351,1,118,0,99.1525423728814,28.4751007621631,57.3188668793337,41.8182159601309,72.1724513380833,100,0.373137680617527,3.16176384186466e-05,-0.805550532609871,0,0.0779670637778356,-0.15200309344505,-3.32192809488736,16.5485811181651,6.83671892309911,0.595820031376948,6.81474793071308,-0.172767588806689,0.539064614994505,0.21478285778754,0.122268170024412,NA,123,0.145205154916014,NA,0.0922809134342145,-0.0303152040686128,0.67157089828364,123,0.387612029686375,0.420557784545829,NA,118,3883,0
"E-ENAD-43-fpkms_median.tsv","RNAseq_fpkms_median",28,24884,1,28,0,96.4285714285714,12.5221025558592,15.5923484970262,14.2778205157646,27.6965118148208,100,-0.222769567597154,0.253375692108378,-0.743573885618137,0,2.25676467836426,2.58496250072116,-3.32192809488736,16.7025650216835,9.12808524690279,0.19782469097798,9.13932156080146,-0.549853764507696,-0.142900276609789,0.203270902470045,0.173545971710628,NA,123,1.38585054866555,NA,-0.00791909002669677,-0.012101689500297,0.73585502088709,123,0.0750792879667334,0.116096031015629,NA,28,2207,0
"E-ERAD-401-fpkms_median.tsv","RNAseq_fpkms_median",28,29175,1,28,0,96.4285714285714,21.4910025706941,32.5072836332476,28.0204431386951,43.5612682090831,100,0.836343732895457,1.3794962259439e-06,-0.818418587845322,0,0.996369733708636,1,-3.32192809488736,16.0221944017606,8.52283523921627,0.111984593079691,8.48110747448001,-0.909399505714955,0.106177674196902,0.40628735560506,0.123064563271386,NA,123,0.867521996725336,NA,-0.018860673340345,-0.0102935910608788,0.765447245381655,123,0.175728368942977,0.159292942423896,NA,28,1240,0
"E-ERAD-475-fpkms_median.tsv","RNAseq_fpkms_median",18,24068,1,18,0,94.4444444444444,11.7417317600133,47.8477646667775,27.3387439292375,57.9109190626558,100,-0.180598555211558,0.47175848589854,-0.659067551464144,0,2.09540914147413,2.32192809488736,-3.32192809488736,16.9593454361453,6.77045029842381,1.34364013402348,6.33480875773833,-0.0359321237325587,0.12673591963922,0.410083600958031,0.228497266894853,NA,123,1.4384807363547,NA,0.319069859081756,-0.0516770181784971,0.846455301141513,123,0.894718281611547,1.19258201504587,NA,18,1562,0
"E-GEOD-110315-fpkms_median.tsv","RNAseq_fpkms_median",291,40311,1,291,0,99.6563573883162,29.3790776711071,47.0343082533304,34.1846439465799,61.9036987422788,100,0.286557522026439,6.62925214592914e-07,-0.849451261465982,0,2.18383873686874,2.58496250072116,-3.32192809488736,14.1780423288648,8.0356486067425,0.65451071955588,7.94694126962067,-0.515808843637514,-0.172982572307517,0.080571098783257,0.0624089187310778,NA,123,0.111253573608244,NA,0.0937570688779711,-0.0466898865933793,0.638060912514332,123,0.287493252863317,0.620006302160459,123,200,3133,0
"E-GEOD-113769-fpkms_median.tsv","RNAseq_fpkms_median",6,26585,1,6,0,83.3333333333333,7.29734812864397,19.623848034606,15.5288069713498,30.6751927778823,100,-0.6,0.241666666666667,-0.716119816055592,0,1.41095207637174,1.58496250072116,-3.32192809488736,15.9062799509144,9.12062582898077,0.386313504985882,9.14098373367104,-0.337617019819683,0.274254610959025,0.446662294472512,0.238984890959397,NA,123,2.04429819446598,NA,-0.0062033144394168,-0.00916696786777278,0.939000824696392,123,0.364019745976259,0.719985107851786,NA,6,1332,0
"E-GEOD-115796-fpkms_median.tsv","RNAseq_fpkms_median",9,36067,1,9,0,88.8888888888889,19.5913161615882,25.7492999140489,22.448652661867,39.8591510244822,100,0.5,0.177662037037037,-0.788490650709659,0,2.00763276620445,2.32192809488736,-3.32192809488736,14.2172761633073,7.91514475534466,0.5,7.79205378991148,-0.551199537669915,-0.14349728683766,0.385783149824248,0.183676092039931,NA,123,1.44714101224964,NA,0.0132499408545368,-0.026270422356561,0.816735773893709,123,0.323891927018128,0.667996540795578,NA,9,1126,0
"E-GEOD-18068-fpkms_median.tsv","RNAseq_fpkms_median",12,18600,1,12,0,91.6666666666667,16.5430107526882,49.263440860215,29.6339605734767,58.2795698924731,100,0.195804195804196,0.54287352062982,-0.726518796870729,0,2.53667934809496,3,-3.32192809488736,15.5993026818498,8.99440714854816,1.67518245757499,8.9139422819223,-0.352910393294702,-0.121326409208338,0.333322138004747,0.208980116027359,NA,123,0.805733261888089,NA,0.495253195751322,-0.134508364429034,0.804266374409446,123,1.30510517226493,1.75639491463432,NA,12,1820,0
"E-GEOD-22131-fpkms_median.tsv","RNAseq_fpkms_median",12,27879,1,12,0,91.6666666666667,15.9654220022239,33.7314824778507,25.7723854275022,44.4277054413716,100,0.762237762237762,0.00589747599033439,-0.759850066949707,0,1.29909837088013,1.58496250072116,-3.32192809488736,13.8094666985375,6.94933735755698,0.471503355039487,6.95092992205074,-0.615513644614221,0.0256189379691987,0.467064039360218,0.237894113055811,NA,123,1.64573054574749,NA,0.0167495557736149,-0.0177367505619078,0.854683859474213,123,0.606192815171242,0.817309429657266,NA,12,793,0
"E-GEOD-26284-fpkms_median.tsv","RNAseq_fpkms_median",81,52979,1,81,0,98.7654320987654,32.2958153230525,99.6055040676494,53.0947855183244,99.9471488703071,100,0.314588979223126,0.00438905601549472,-0.752033435185042,0,0.443455690506152,0,-3.32192809488736,17.9562059752699,6.80252496566574,1.90709684639304,7.07972400368296,-0.441791734706106,0.341988879275509,0.187064933080203,0.092047994479957,NA,123,0.116035013914463,NA,0.472331460158681,-0.166732391596258,0.930333210272098,123,1.48092034935524,1.97842706965117,NA,81,2354,0
"E-GEOD-29163-fpkms_median.tsv","RNAseq_fpkms_median",10,50605,1,10,0,90,11.728090109673,33.7219642327833,19.0028653295129,44.1280505878866,100,-0.636363636363636,0.0544450679375418,-0.704258438635732,0,1.56184583883541,2,-3.32192809488736,13.8814963848101,6.82287755271417,1.24159278475435,6.91617130203788,-0.493984864567828,-0.118092320433395,0.289414984495935,0.245468208222606,NA,123,0.801401831728442,NA,0.182068742760496,-0.095494769535853,0.823010968155933,123,0.288861380993012,1.26756605733483,NA,10,935,0
"E-GEOD-30720-fpkms_median.tsv","RNAseq_fpkms_median",19,23547,1,19,0,94.7368421052632,17.9385909032998,22.9625854673631,20.0716148889232,35.2231706799168,100,0.619298245614035,0.00563401415841558,-0.736072035171986,0,2.81529269393546,3,-3.32192809488736,14.4895971223893,5.57629126040045,0.270186561069771,5.60296923773373,0.380558838065797,0.102389433573996,0.108245022141663,0.0907381679573284,NA,123,2.58086002385004,NA,-0.101510040154427,0.00189490132878365,0.702664210436674,123,0.210478240917905,0.442708465962841,NA,19,2074,0
"E-GEOD-31234-fpkms_median.tsv","RNAseq_fpkms_median",5,28899,1,5,0,80,15.9175057960483,22.6097788850825,20.1148828679193,38.191632928475,100,0.5,0.45,-0.696139464145694,0,0.931561891639303,1,-3.32192809488736,13.0869655031101,8.21055967629633,0.350782887474112,8.37022920747672,-0.901933891273575,0.193048538351347,0.545211132352621,0.205890823863783,NA,123,2.27467608921817,NA,0.0498181753832236,-0.036793264758917,0.98582663604921,123,0.482234993971875,0.785959881787776,NA,5,581,0
"E-GEOD-38344-fpkms_median.tsv","RNAseq_fpkms_median",6,70103,1,6,0,83.3333333333333,19.7380996533672,41.9126142961072,28.2807678225849,54.4541603069769,100,0.542857142857143,0.297222222222222,-0.693832383418955,0,1.23425579624243,1,-3.32192809488736,14.9106895704573,6.75274145902883,1.20622708083194,6.68527270184233,-0.202770089950737,0.240041028410657,0.436372548904032,0.223792675217443,NA,123,2.10789164190935,NA,0.29831837290871,-0.0490505136858841,0.87837722543545,123,1.53369314165972,3.0716331585409,NA,6,1135,0
"E-GEOD-41797-fpkms_median.tsv","RNAseq_fpkms_median",6,30962,1,6,0,83.3333333333333,8.56210839093082,17.6216006717912,14.1985875158797,27.9051740843615,100,0.771428571428571,0.102777777777778,-0.704743512478453,0,2.17190079586041,2.58496250072116,-3.32192809488736,13.3406846543634,8.61720617870947,0.459457388408521,8.54714936000088,-0.698457656545667,-0.164920931010527,0.365656204997059,0.238749578875931,NA,123,2.24054625328644,NA,-0.0196568993071061,-0.0260913607241879,0.882040023786765,123,0.537758542511791,0.730072326811004,NA,6,921,0
"E-GEOD-42550-fpkms_median.tsv","RNAseq_fpkms_median",7,44923,1,7,0,85.7142857142857,9.12672795672595,12.4212541459831,10.4540785661815,21.6926741312913,100,-0.392857142857143,0.395634920634921,-0.660487874823727,0,1.41205793054077,1.58496250072116,-3.32192809488736,13.300781529569,7.28268971967004,0.526820228934595,7.33568962863825,-0.596378973620939,-0.0570658743794821,0.614242815733525,0.216826181876388,NA,123,1.05137576757548,NA,0.0564618120530028,-0.020179725153316,0.962718305813579,123,0.0735720906731498,0.431404977531904,NA,7,912,0
"E-GEOD-42871-fpkms_median.tsv","RNAseq_fpkms_median",9,47868,1,9,0,88.8888888888889,13.4035263641681,31.7957717055235,20.5725467257179,44.7167209827024,100,-0.716666666666667,0.0368661816578483,-0.742345029635689,0,1.48357624023861,1.58496250072116,-3.32192809488736,15.0999230640513,6.66175298083129,1.19756100880946,6.76769778258308,-0.30331746265617,0.0106429803211191,0.470072959752393,0.19741328076208,NA,123,1.30577988392648,NA,0.247486398946704,-0.0514409280920977,0.832900705999715,123,0.326963487026593,1.26993630653708,NA,9,1045,0
"E-GEOD-42891-fpkms_median.tsv","RNAseq_fpkms_median",6,41611,1,6,0,83.3333333333333,15.8107231260965,26.8510730335729,21.6064662388952,40.6503088125736,100,0.371428571428571,0.497222222222222,-0.66504958787501,0,2.52132986923293,2.8073549220576,-3.32192809488736,15.4744030865747,8.19695421075159,1.24791672612665,7.94962872462244,-0.42471003993369,-0.146398052118488,0.368445390641427,0.21357807683094,NA,123,1.92052827788185,NA,0.211262417749299,-0.0738699150843619,0.884350072165075,123,1.09348333895299,1.9825413533145,NA,6,1331,0
"E-GEOD-43245-fpkms_median.tsv","RNAseq_fpkms_median",6,36479,1,6,0,83.3333333333333,14.7262808739275,20.5131719619507,18.0683863775506,35.4039310288111,100,-0.173931310695735,0.741733927731628,-0.644858988705752,0,2.79404083037109,3.16992500144231,-3.32192809488736,15.6516964084567,7.92783832735124,1.23600674185993,7.81927886828997,-0.292671276854653,-0.209743012756628,0.303749137899431,0.289651538623606,NA,123,2.71377461904824,NA,0.106785238971869,-0.0760500361581223,0.884322424801956,123,0.656897778547621,1.31793816002059,NA,6,1360,0
"E-GEOD-43727-fpkms_median.tsv","RNAseq_fpkms_median",6,30924,1,6,0,83.3333333333333,8.60820075022636,17.6238520243177,14.1562109257103,27.8553874013711,100,0.771428571428571,0.102777777777778,-0.702111239172585,0,2.17669320822045,2.58496250072116,-3.32192809488736,13.3402673889836,8.58402422218746,0.461342124201386,8.52142334086188,-0.6973170899604,-0.163106849983256,0.366935051932973,0.238463533313497,NA,123,2.23805377044898,NA,-0.0157020514712598,-0.0263806809232533,0.87871061522627,123,0.537420115029353,0.732127395884468,NA,6,908,0
"E-GEOD-46817-fpkms_median.tsv","RNAseq_fpkms_median",7,33541,1,7,0,85.7142857142857,27.104141200322,34.6232968605587,31.5664836639167,53.7551056915417,100,0.607142857142857,0.166666666666667,-0.730072846109467,0,0.707618047567316,1,-3.32192809488736,12.7010898248172,7.99673653112417,0.481918509053323,7.98446384148817,-0.921960663576376,0.202462439205318,0.249783280421182,0.182811218737862,NA,123,6.07828945261959,NA,0.0846409950223968,-0.0545915525695815,0.887667375507187,123,0.259573336034364,0.402027330089247,NA,7,587,0
"E-GEOD-49906-fpkms_median.tsv","RNAseq_fpkms_median",10,30654,1,10,0,90,18.0824688458276,38.5039472825732,30.4423566255627,51.9605924186077,100,0.818181818181818,0.0068111327718268,-0.822099620821372,0,0.398149263364009,0,-3.32192809488736,15.9227469847632,8.2415894803426,0.635981384817668,8.3274892116792,-0.639297590769601,0.369564057582145,0.518338738689443,0.215862275847346,NA,123,1.23059098884646,NA,0.224469738178117,-0.0409479647280992,0.854802386018143,123,0.416523068942893,0.349383726855768,NA,10,901,0
"E-GEOD-50191-fpkms_median.tsv","RNAseq_fpkms_median",23,34843,1,23,0,95.6521739130435,21.0142639841575,48.9997990988147,27.0952059486716,62.3195476853313,100,-0.438735177865613,0.0374571227526794,-0.816869653938655,0,1.89053415462504,2.32192809488736,-3.32192809488736,16.209282004954,8.34762915670516,2.20115354511847,8.44963824416981,-0.588525801271839,-0.102644070047428,0.283467524710754,0.159522441412247,NA,123,1.52540712332867,NA,0.40699806050934,-0.130679697235141,0.7911555306297,123,0.337317675848072,0.553443371574756,NA,23,1605,0
"E-GEOD-51662-fpkms_median.tsv","RNAseq_fpkms_median",25,8930,1,25,0,96,76.1702127659574,98.3090705487122,90.6136618141097,99.9440089585666,100,0.783076923076923,6.69408527929936e-06,-0.0452067466522512,1.92372617112692e-05,7.37207880472339,7.21916852046216,2.32192809488736,19.2606324468537,1.62826176149011,1.04247791314719,2.82474405194058,3.40660221510818,1.02233116972775,0.307758710198813,0.107824349005374,NA,123,0.0793666407072409,NA,0.20096034918368,0.00207751606274767,0.798414778936446,123,1.73465703756592,2.65355247876297,NA,17,1998,0
"E-GEOD-52564-fpkms_median.tsv","RNAseq_fpkms_median",8,31854,1,8,0,87.5,17.9223959314372,46.1888616814215,33.1316318201796,58.1685188673322,100,-0.30952380952381,0.461805555555556,-0.806194498602497,0,0.658023047394716,1,-3.32192809488736,15.2440664641948,8.19653579044861,1.05463268748951,8.29226052292062,-0.804002039514907,0.244395361781084,0.340633330784972,0.223875115420346,NA,123,1.38174619572484,NA,0.336175025209804,-0.120411181197278,0.854198782851644,123,0.667860926048275,0.59314003471214,NA,8,742,0
"E-GEOD-52806-fpkms_median.tsv","RNAseq_fpkms_median",18,27438,1,18,0,94.4444444444444,17.1805525184051,28.6136015744588,22.5190530569931,40.6625847364968,100,0.779153766769866,0.000209577182008589,-0.825845576831844,0,2.45523560192615,3,-3.32192809488736,14.6603302236757,8.82206918506611,0.652511973697133,8.42663791085139,-0.450232163350658,-0.310059110938784,0.540999694939089,0.125494693192611,NA,123,2.29456073658986,NA,0.0641050619589965,-0.0467544215309068,0.811922199070368,123,0.583197993694527,1.04574383181476,NA,18,1463,0
"E-GEOD-53197-fpkms_median.tsv","RNAseq_fpkms_median",51,29400,1,51,0,98.0392156862745,18.7959183673469,29.9863945578231,24.1232492997199,43.078231292517,100,-0.710106563678659,5.36036172524243e-09,-0.779693036507949,0,2.48711645527311,2.8073549220576,-3.32192809488736,14.3734089602287,7.66311639554344,0.628026532173065,7.67576564765648,-0.268192773502904,-0.314975820344247,0.502189189369545,0.214293877281801,NA,123,2.17820554175973,NA,0.212008006360134,-0.0666111385867024,0.800798277677553,123,0.247734983110692,0.232567431819184,NA,51,2362,0
"E-GEOD-53960-fpkms_median.tsv","RNAseq_fpkms_median",80,27473,1,80,0,98.75,16.3505987697012,36.8980453536199,27.6382266225021,49.9690605321588,100,-0.694753251027231,8.78160040434022e-13,-0.803999752045768,0,1.27539682250101,1.58496250072116,-3.32192809488736,18.2670701189147,6.97758580891361,1.32830171889488,7.18346775580615,-0.477961815093963,0.00240464750646654,0.249419877232887,0.159508520000858,NA,123,0.81971897440222,NA,0.0413154386413503,-0.109297315490082,0.831798708605009,123,0.292490758664768,0.433888518433969,NA,80,2482,0
"E-GEOD-54272-fpkms_median.tsv","RNAseq_fpkms_median",6,26845,1,6,0,83.3333333333333,18.7371950083814,28.0014900353883,24.131123114174,42.8832184764388,100,-0.714285714285714,0.136111111111111,-0.770681762686421,0,1.11341026408298,1,-3.32192809488736,15.2017793362025,8.7251178447664,0.80206499601802,8.59608669431882,0.00776618075177549,0.45083845884859,0.389697866700191,0.246400765434029,NA,123,2.67112663521494,NA,0.0652009716082242,-0.0254497847808382,0.897276234797137,123,0.168037799983499,0.405810958397801,NA,6,1311,0
"E-GEOD-55482-fpkms_median.tsv","RNAseq_fpkms_median",9,23558,1,9,0,88.8888888888889,9.4362849138297,11.39740215638,10.1965833734235,18.5372272688683,100,0.383333333333333,0.3125,-0.620341990471121,0,2.28797495301235,2.58496250072116,-3.32192809488736,14.0890366152417,7.54460945868169,0.0507791444756964,7.54049049258153,-0.0523078688495362,-0.139241845744058,0.216750816438646,0.163676461869315,NA,123,3.07550526060923,NA,-0.0568705918084094,-0.000223913755462404,0.831125325330919,123,0.0924831779003449,0.15070652043931,NA,9,1422,0
"E-GEOD-55966-fpkms_median.tsv","RNAseq_fpkms_median",16,45448,1,16,0,93.75,27.851610631931,52.9946312268967,43.7201582027812,70.4761485653934,100,0.841176470588235,2.93439292538941e-05,-0.665986865629088,0,0.208064632436558,0,-3.32192809488736,18.0904174297343,6.04390269582191,1.08601546997172,6.07759195258013,-0.38104321801511,0.324858072116141,0.279439437184491,0.13163000877622,NA,123,1.04176954045024,NA,0.0567819329274876,-0.068283472267885,0.742533950925106,123,0.996355215833606,2.22480281123538,NA,16,700,0
"E-GEOD-56297-fpkms_median.tsv","RNAseq_fpkms_median",9,43051,1,9,0,88.8888888888889,13.3283779703143,19.9437876007526,16.6655052534591,32.7588209333117,100,0.316666666666667,0.410080467372134,-0.718313403236901,0,1.16740783202946,1.58496250072116,-3.32192809488736,15.6651693402535,5.46347800878971,0.357020225691812,5.54889497675391,0.237091954181186,0.151795559379246,0.333872956534107,0.160959029496015,NA,123,1.6070591233001,NA,-0.0366554933219435,-0.00709235813133412,0.81565163408232,123,0.274835135890385,0.374839296006006,NA,9,1171,0
"E-GEOD-56796-fpkms_median.tsv","RNAseq_fpkms_median",19,34972,1,19,0,94.7368421052632,27.2475122955507,35.3854512181174,30.6306699494934,51.787144000915,100,0.135087719298246,0.580204087120214,-0.850592634315632,0,0.546945814134864,0,-3.32192809488736,12.8695938432408,8.3366323675116,0.329547690479287,8.3086519014369,-0.873605725093077,0.239488378084319,0.343297940558888,0.19388984717851,NA,123,0.871250403272485,NA,0.0853689003434499,-0.0414195523210032,0.749290005040763,123,0.131255521685956,0.12289642169404,NA,19,1064,0
"E-GEOD-57337-fpkms_median.tsv","RNAseq_fpkms_median",94,35798,1,94,0,98.936170212766,27.9317280294989,38.2535337169674,31.5065741221725,51.6900385496397,100,-0.0419975002391888,0.687750103229398,-0.853250700173802,0,1.91168140011351,2.32192809488736,-3.32192809488736,14.9191426578586,7.88237147725348,0.366679136771962,7.88625258471619,-0.449373962490213,-0.110378511630053,0.170162582897682,0.0639794063227959,NA,123,0.101828331695898,NA,0.0469823912884047,-0.0287548194346251,0.687164787196058,123,0.147487408971816,0.299117163119678,NA,94,3830,0
"E-GEOD-58856-fpkms_median.tsv","RNAseq_fpkms_median",5,20566,1,5,0,80,8.17368472235729,61.5335991442186,27.6718856364874,63.8286492268793,100,-0.7,0.233333333333333,-0.708811421254106,0,1.20660079699751,1,-3.32192809488736,15.8324450354821,7.80682699031252,2.45276744180853,7.9003804645694,0.14674397439004,0.418688662795999,0.427992931210443,0.260134570474589,NA,123,1.51748452551107,NA,0.393218182022886,-0.0609836536040579,0.904222398338866,123,3.24528366455885,3.62131023597742,NA,5,974,0
"E-GEOD-61857-fpkms_median.tsv","RNAseq_fpkms_median",8,42176,1,8,0,87.5,10.9778072837633,23.2525606980273,17.7203860015175,34.5030349013657,100,0.952380952380953,0.00114087301587302,-0.678947703748455,0,1.82963975947834,2,-3.32192809488736,14.0216740428584,6.22485044476045,0.636639338463447,6.14680864085062,-0.140895299348872,-0.0774609777810951,0.411390484376357,0.233550519663402,NA,123,0.960370871877485,NA,-0.0672538268347088,-0.0194112780941393,0.851205102983645,123,0.605447971875207,0.840564622576901,NA,8,978,0
"E-GEOD-62671-fpkms_median.tsv","RNAseq_fpkms_median",8,16395,1,8,0,87.5,3.8060384263495,7.8194571515706,5.51997560231778,11.9426654467826,100,-0.904761904761905,0.00456349206349206,-0.52780700193864,0,2.31488170483873,2.32192809488736,-3.32192809488736,14.0052736565639,6.79685242912713,0.400691282278758,6.9828060947296,0.345383496381229,-0.00638323403539158,0.486676900176616,0.293262210794827,NA,123,1.22434282563552,NA,0.0450109877965407,-0.0200555335132109,0.860597606488082,123,0.135416496219529,0.553833205173412,NA,8,1476,0
"E-GEOD-62744-fpkms_median.tsv","RNAseq_fpkms_median",20,25893,1,20,0,95,11.6170393542656,18.3833468505001,15.3583980226316,31.3096203607153,100,-0.73984962406015,0.000290025048010939,-0.752588915550493,0,2.48466230262179,3,-3.32192809488736,15.8019609094713,8.88455672777358,0.553559549704213,8.89966921490657,-0.565323733860465,-0.255123741019972,0.502538666716141,0.107740358316128,NA,123,1.30957441669834,NA,0.0656673767124496,-0.0442085903617211,0.785076951587827,123,0.178281479592206,0.276595472644127,NA,20,1674,0
"E-GEOD-63340-fpkms_median.tsv","RNAseq_fpkms_median",9,26290,1,9,0,88.8888888888889,26.2495245340434,48.4176492963104,38.2426778242678,63.0848231266641,100,0.583333333333333,0.107997134038801,-0.673814300545321,0,1.52644406509943,1.58496250072116,-3.32192809488736,16.5222596841336,7.2420707520752,1.1018446643641,7.19447383747946,-0.0209269278860411,0.314071111733024,0.243606822145557,0.161678568066037,NA,123,1.83170531622987,NA,0.0742214771310586,-0.0287791077717343,0.840492055001056,123,0.898515973030069,1.56968109637058,NA,9,1151,0
"E-GEOD-64740-fpkms_median.tsv","RNAseq_fpkms_median",25,25959,1,25,0,96,11.7223313686968,23.748988790015,16.8259177934435,30.4017874340306,100,-0.236153846153846,0.254583307011618,-0.784505524066211,0,2.42171149189521,2.8073549220576,-3.32192809488736,13.7577025177705,7.86947760451523,0.302962674264714,7.72528702187889,-0.271426744686755,-0.307604712604777,0.469382388177486,0.118947981612822,NA,123,1.8994568257834,NA,0.00033893394983054,-0.0166053690240212,0.789553907442368,123,0.349139510856721,0.360909465367946,NA,25,1975,0
"E-GEOD-64742-fpkms_median.tsv","RNAseq_fpkms_median",5,23671,1,5,0,80,6.96210552997339,9.81369608381564,8.34945714165012,15.4028135693465,100,0.8,0.133333333333333,-0.580393029573456,0,2.53493822344448,3,-3.32192809488736,14.1373113907009,7.88550729480241,0.0401803446654944,7.81991667379735,-0.25400302370492,-0.343311834666675,0.424305429733625,0.239097327709941,NA,123,2.12418625906406,NA,-0.0626130185742262,0.000389347117877661,0.971521318974209,123,0.290921927975253,0.498386426768855,NA,5,990,0
"E-GEOD-66024-fpkms_median.tsv","RNAseq_fpkms_median",8,26466,1,8,0,87.5,15.4877956623593,22.3229804277186,18.1128617849316,33.3937882566312,100,0.80952380952381,0.0217757936507936,-0.719873385495613,0,1.73404556180939,2,-3.32192809488736,11.8253563414793,7.97992637849191,0.337291245451575,7.96247260284866,-0.453656737341172,0.08486922932238,0.50293459602331,0.141612161518778,NA,123,1.20505377445748,NA,0.0246418564692395,-0.0156115788688592,0.848936090072726,123,0.239873159675152,0.240300946346886,NA,8,1169,0
"E-GEOD-67550-fpkms_median.tsv","RNAseq_fpkms_median",6,30328,1,6,0,83.3333333333333,17.9306251648642,38.7265892904247,27.205332805768,49.6669744130836,100,0.371428571428571,0.497222222222222,-0.679662170401099,0,2.69878669131749,2.8073549220576,-3.32192809488736,16.2249249267029,5.72929756887873,1.01635251772624,5.78159229124892,0.269294876510076,0.151253806822651,0.3981930079873,0.292251538572706,NA,123,1.85745120692257,NA,-0.142557549339968,0.0062371983385529,0.873631092726335,123,1.56164557428529,2.92424478071558,NA,6,1247,0
"E-GEOD-68789-fpkms_median.tsv","RNAseq_fpkms_median",5,20828,1,5,0,80,20.4388323410793,30.5454196274246,26.634338390628,46.6055310159401,100,0.6,0.35,-0.610081558994966,0,1.59720729224352,1.58496250072116,-3.32192809488736,15.5592575780351,7.01996237232863,0.559047875990368,7.11736611678591,0.149392475013685,0.374954824682273,0.505843898026301,0.287895904187893,NA,123,1.61546194169161,NA,-0.0160202408134758,-0.00825057530477306,0.919119741966674,123,0.924570323577368,1.88841448010859,NA,5,965,0
"E-GEOD-70484-fpkms_median.tsv","RNAseq_fpkms_median",16,32613,1,16,0,93.75,21.9973630147487,44.9820623677675,32.7331125624751,59.145126176678,100,-0.523529411764706,0.0397375251354212,-0.758177828673735,0,0.558587864684505,1,-3.32192809488736,16.0302791701471,8.12765715261813,0.628026532173065,8.1820415208776,-0.672427480801537,0.280672587788409,0.591080005997814,0.226216710887688,NA,123,4.21224416591846,NA,0.386290635099903,-0.0720898896067478,0.83257269626378,123,0.790998192749345,0.476923013765147,NA,16,1073,0
"E-GEOD-72095-fpkms_median.tsv","RNAseq_fpkms_median",6,23792,1,6,0,83.3333333333333,12.8908876933423,27.6563550773369,19.9219625644474,36.3189307330195,100,0.942857142857143,0.0166666666666667,-0.745401046286933,0,1.26264483603621,1,-3.32192809488736,14.7439402837522,7.57541190810326,0.386386887953177,7.6095182835531,-0.275087294917604,0.28552694641135,0.475596948414535,0.256948104874226,NA,123,2.14084365166245,NA,-0.013048689821746,-0.0060524582537227,0.883640428283844,123,0.789576169528857,1.22779218357468,NA,6,820,0
"E-GEOD-74747-fpkms_median.tsv","RNAseq_fpkms_median",9,38162,1,9,0,88.8888888888889,26.3560610030921,56.7423091032965,41.635949664879,65.9871075939416,100,0.516666666666667,0.161800044091711,-0.636533223295775,0,0.666506542771382,1,-3.32192809488736,16.0389618443783,8.54078738776104,1.75139848402883,8.53519372636729,-0.716369752421008,0.274458468298033,0.266751993261326,0.212089879013526,NA,123,1.6191155979459,NA,0.663648320967216,-0.288932206404359,0.85659853631019,123,1.05801462779289,1.35516272806265,NA,9,910,0
"E-GEOD-79636-fpkms_median.tsv","RNAseq_fpkms_median",101,37160,1,101,0,99.009900990099,30.4817007534984,40.8799784714747,35.7022349167102,54.8089343379978,100,0.909525071422236,1.57496699449079e-39,-0.83845607798546,0,0.524223553732965,0,-3.32192809488736,14.0935826230279,8.24045041548647,0.161610600571948,8.24723569050619,-0.818015838044368,0.283302433866557,0.160153701848224,0.0804941175581556,NA,123,0.114516301588008,NA,0.0105946277161167,-0.0153405948366103,0.569639340969572,123,0.135273957378448,0.162999814431034,NA,101,2201,0
"E-GEOD-81077-fpkms_median.tsv","RNAseq_fpkms_median",8,33607,1,8,0,87.5,12.506323087452,53.286517689767,25.2562710149671,58.389621209867,100,0.642857142857143,0.0961805555555556,-0.764161722703636,0,2.15456487904369,2.32192809488736,-3.32192809488736,14.8747412626087,6.81002024653172,1.43802447005323,6.93645776170592,-0.258912006798703,-0.110237202912023,0.320236227688048,0.197353605816751,NA,123,1.4680616900586,NA,0.152507579153014,-0.0871157027983755,0.862402149442843,123,2.16781759992936,2.77584704557807,NA,8,956,0
"E-GEOD-83322-fpkms_median.tsv","RNAseq_fpkms_median",24,33948,1,24,0,95.8333333333333,34.6765641569459,49.2429598209026,42.3515376458112,64.2129138682691,100,0.163478260869565,0.443549200744122,-0.595838099997328,0,0.95065024189049,1,-3.32192809488736,15.5546787775053,6.13104660436131,0.517540015994445,6.18609246152535,0.215707961487865,0.371158422985267,0.679175559941704,0.0277315194753052,NA,123,2.89895522828238,NA,0.195092231312071,0.00434735824496632,0.789861506923052,123,0.44468355575763,1.08859342990169,NA,24,1569,0
"E-GEOD-95399-fpkms_median.tsv","RNAseq_fpkms_median",12,32834,1,12,0,91.6666666666667,19.7569592495584,27.9192300663946,23.3855657753142,43.7199244685387,100,0.0769230769230769,0.817283290706317,-0.819129903465624,0,1.88854891820726,2.32192809488736,-3.32192809488736,14.9392118826664,8.50434751944103,0.837368709564087,8.6550884841722,-0.64663794249611,-0.06452185891787,0.516319824486054,0.231358111523903,NA,123,2.16293344988824,NA,0.14381327730418,-0.055978989042255,0.823598361672446,123,0.330527080530433,0.590158812502385,NA,12,1306,0
"E-GEOD-97960-fpkms_median.tsv","RNAseq_fpkms_median",24,25510,1,24,0,95.8333333333333,10.7330458643669,17.985103880831,14.8015484123873,28.74950999608,100,-0.712173913043478,0.000143335709218197,-0.743600157623836,0,2.4590580320303,3,-3.32192809488736,15.8666510926428,9.01303800091657,0.380712547135588,9.01747278898432,-0.570608249963543,-0.238709732794266,0.559929826370406,0.142271549964696,NA,123,2.46420680492701,NA,0.0459606565497606,-0.032242395537319,0.798459616211345,123,0.170701420325606,0.157548873178073,NA,24,1858,0
"E-GEOD-98379-fpkms_median.tsv","RNAseq_fpkms_median",5,26772,1,5,0,80,13.8241446287166,37.8903331839235,24.7691618108472,52.7566113850291,100,-0.3,0.683333333333333,-0.710975539917244,0,1.8808219676257,2,-3.32192809488736,15.4706271018854,9.00366711738977,1.56466172098408,9.28342474923726,-0.640344661510348,0.0461962707585606,0.63892298581455,0.183542450546966,NA,123,2.65464032677259,NA,0.373812003832695,-0.0553430403833294,0.919550381729557,123,0.77999498159005,4.33607907731874,NA,5,975,0
"E-GEUV-1-fpkms_median.tsv","RNAseq_fpkms_median",462,48973,1,462,0,99.7835497835498,48.5573683458232,67.2431748106099,57.6376036517339,77.5468115083822,100,0.768284866892209,3.63644677988719e-91,-0.667513163303638,0,0.739768334005208,1,-3.32192809488736,15.3083390301394,8.23416524936141,0.272264413850411,8.22756856762756,-0.694166536298122,0.279428005078563,0.0615517125132133,0.0498984969673021,NA,123,0.084962863123575,NA,0.0345433306704103,-0.0201605127587085,0.721672195192812,123,0.225970781835136,0.429348297097022,123,200,6099,0
"E-MTAB-1733-fpkms_median.tsv","RNAseq_fpkms_median",27,42704,1,27,0,96.2962962962963,20.1479955039341,56.9946609216935,45.7177226870932,68.9467028849756,100,0.264957264957265,0.181095065841507,-0.633658573315659,0,0.698753010522514,1,-3.32192809488736,16.8708463082119,6.80836855232364,1.10806321453155,6.97648533747426,-0.499830969832294,0.217435337028309,0.15231581759693,0.137825735817236,NA,123,0.188460901869619,NA,0.194437960003429,-0.128307392085328,0.762075564970652,123,0.657023521806369,1.1202987154717,NA,27,1339,0
"E-MTAB-2037-fpkms_median.tsv","RNAseq_fpkms_median",7,31127,1,7,0,85.7142857142857,11.6008609888521,31.5963632858933,19.9399694339779,42.7635172037138,100,-0.0714285714285714,0.906349206349206,-0.649014753817012,0,2.45023105063518,2.8073549220576,-3.32192809488736,15.2270141936491,7.07347049139652,1.21534124421445,7.11529280357427,-0.282420890182779,-0.201698474958676,0.298110346056875,0.223218814716089,NA,123,1.95492488041241,NA,0.149969388959644,-0.0775030411549776,0.875800541263434,123,1.10313197540513,1.35670263550314,NA,7,1074,0
"E-MTAB-2039-fpkms_median.tsv","RNAseq_fpkms_median",9,33380,1,9,0,88.8888888888889,13.7717195925704,34.3379269023367,21.7874975034951,46.8603954463751,100,-0.816666666666667,0.0107694003527337,-0.723194137212185,0,1.6934136303813,2,-3.32192809488736,16.4432511498893,8.2453711290199,2.15438563581236,8.40832537682081,-0.569490481826688,0.0231399030890008,0.404353444809308,0.189293354600008,NA,123,1.05289055157318,NA,0.531118337209416,-0.128484176912916,0.82754906768704,123,0.532845791399224,1.5084949438871,NA,9,1264,0
"E-MTAB-2137-fpkms_median.tsv","RNAseq_fpkms_median",7,63559,1,7,0,85.7142857142857,13.3513743136299,27.5460595667018,19.3123149919198,37.1104013593669,100,-0.5,0.266666666666667,-0.734709894666309,0,0.191963139175656,0,-3.32192809488736,15.9958554620241,5.55960130015027,0.691572134081169,5.74901379236814,0.972743536805666,0.639869034282604,0.484734985834899,0.25694533125893,NA,123,1.51514302825009,NA,0.0836561455256031,-0.0134796677182193,0.946882197367896,123,0.244790235604179,0.303963734063541,NA,7,1383,0
"E-MTAB-2262-fpkms_median.tsv","RNAseq_fpkms_median",5,24409,1,5,0,80,12.0938997910607,21.6026875332869,15.9727969191692,30.6976934737187,100,0.9,0.0833333333333333,-0.715112159064438,0,1.03687439004044,1,-3.32192809488736,12.6584346546976,8.68095907930247,0.206421615588713,8.50224305915843,-0.716449961998441,0.207916681861304,0.531018400059334,0.219389371445409,NA,123,2.73160304084591,NA,-0.0385287443255867,-0.0118547427261409,0.992585626156683,123,0.481473906561976,0.499718977998433,NA,5,691,0
"E-MTAB-2328-fpkms_median.tsv","RNAseq_fpkms_median",6,33990,1,6,0,83.3333333333333,19.4998528979112,38.0258899676375,28.5034814161028,53.2509561635775,100,-0.542857142857143,0.297222222222222,-0.636522878418302,0,0.677358931010071,1,-3.32192809488736,15.6987589187226,7.03375100352369,0.920012396718702,7.16077937271416,-0.423064115399114,0.299658090638825,0.627283553060985,0.235666282720308,NA,123,2.78629571035129,NA,0.350241649314783,-0.0763316343805949,0.923574837675291,123,0.777525238178325,1.33317335336333,NA,6,740,0
"E-MTAB-2582-fpkms_median.tsv","RNAseq_fpkms_median",6,30832,1,6,0,83.3333333333333,16.8915412558381,41.505578619616,31.3029752637952,56.0099896211728,100,0.771428571428571,0.102777777777778,-0.76975708273064,0,0.910260425546652,1,-3.32192809488736,14.2126483678163,8.58850898972455,0.983982067297776,8.49161901474854,-0.808164942912803,0.19658755841915,0.347734418251827,0.275113518846396,NA,123,2.89872622987383,NA,0.152364671986958,-0.0762637606943961,0.891609064846186,123,0.906718658658235,0.511367019309764,NA,6,716,0
"E-MTAB-2596-fpkms_median.tsv","RNAseq_fpkms_median",7,22709,1,7,0,85.7142857142857,14.950019815932,31.3003654938571,21.3081031434988,41.261173983883,100,-0.714285714285714,0.0880952380952381,-0.687139573803557,0,1.86099763986165,2,-3.32192809488736,15.6582672789748,8.17461103448088,1.71532979552664,8.29671129523066,-0.493421676341618,-0.0408772140396094,0.29279642640432,0.228192389061451,NA,123,1.66827422888483,NA,0.297582495893229,-0.125313644810797,0.880212739840663,123,0.585714172697672,0.934413020108622,NA,7,1054,0
"E-MTAB-2706-fpkms_median.tsv","RNAseq_fpkms_median",622,56969,1,622,0,99.8392282958199,38.2330741280345,84.0913479260651,58.145906508978,89.5364145412417,100,0.842008612143356,2.49309184790722e-168,-0.71785108134987,0,0.372541875559912,0,-3.32192809488736,15.5253372795656,8.5240285067234,0.788953642955715,8.52708193954232,-0.800791358527102,0.370766763618791,0.0820716310008619,0.0580078485442591,NA,123,0.135682483663295,NA,0.297951324366349,-0.13821277385708,0.724515067935404,123,0.352117042009478,0.562681187137979,123,200,5260,0
"E-MTAB-2770-fpkms_median.tsv","RNAseq_fpkms_median",1019,55843,1,1019,0,99.9018645731109,43.5811113299787,69.5843704672027,56.4083744738091,86.8434718765109,100,0.545325215502625,5.22423722138421e-80,-0.736323486853257,0,0.336442124812956,0,-3.32192809488736,17.1582151966638,8.28438917744595,0.879971349750317,8.2585453342211,-0.737133996663294,0.377294047780567,0.095118012952272,0.0637111892977147,NA,123,0.541823175181633,123,0.265862515397403,-0.137573714323233,0.763689967616009,123,0.245215392047733,0.398220447985484,123,200,9562,0
"E-MTAB-2797-fpkms_median.tsv","RNAseq_fpkms_median",9,21990,1,9,0,88.8888888888889,13.3196907685312,41.3005911778081,21.6734879490678,45.4979536152797,100,-0.316666666666667,0.410080467372134,-0.758307832804707,0,1.86489405138229,2.32192809488736,-3.32192809488736,16.1904034352801,8.68643132521619,2.18661034047957,9.04966204098857,-0.59597717553814,-0.0530068167256789,0.297826151587944,0.216796125741508,NA,123,1.25247350243776,NA,0.309771046642784,-0.163175314565568,0.845246713070681,123,1.44255401288434,2.34715045478671,NA,9,1086,0
"E-MTAB-2798-fpkms_median.tsv","RNAseq_fpkms_median",9,23093,1,9,0,88.8888888888889,13.0688953362491,29.2599489022648,21.9181377714266,40.9128307279262,100,-0.583333333333333,0.107997134038801,-0.673522500847109,0,1.96484433552792,2.32192809488736,-3.32192809488736,15.4042102200512,7.87630919425853,1.85345403208564,7.9947393691064,-0.553321902170903,-0.108982747153265,0.258748552583407,0.211897880733587,NA,123,1.21363134818682,NA,0.207048378758346,-0.176514897601407,0.854612503858963,123,0.653121990548232,0.800606480499486,NA,9,932,0
"E-MTAB-2799-fpkms_median.tsv","RNAseq_fpkms_median",9,29071,1,9,0,88.8888888888889,17.0479171683121,43.6620687282859,31.7399164497648,52.5368924357607,100,-0.433333333333333,0.249917328042328,-0.668539502494603,0,1.44542773820631,1.58496250072116,-3.32192809488736,15.8636297406676,7.51947339941077,1.48968069908012,7.57239219434984,-0.648460672505952,0.0126241088374257,0.260388909344208,0.227910607473044,NA,123,1.56413982534956,NA,0.35470773315546,-0.184331191962468,0.842307748581181,123,0.949127914965065,0.989190672537734,NA,9,759,0
"E-MTAB-2800-fpkms_median.tsv","RNAseq_fpkms_median",20,27905,1,20,0,95,18.5952338290629,42.6876903780684,31.8285253538792,56.8536104640745,100,-0.723308270676692,0.000461386089144288,-0.720508016781061,0,1.51906210883786,1.58496250072116,-3.32192809488736,16.6904481975469,8.70209599072554,2.00192094619642,8.85471804192244,-0.529697069556748,0.129313492507024,0.266781527689924,0.219045761619149,NA,123,1.09784330909382,NA,0.572781398851547,-0.189627526239534,0.806880311320528,123,0.687353832241557,0.879912879444179,NA,20,1871,0
"E-MTAB-2801-fpkms_median.tsv","RNAseq_fpkms_median",26,44630,1,26,0,96.1538461538462,28.155948913287,55.751736500112,44.8691807856047,72.4176562850101,100,-0.24034188034188,0.235903168089005,-0.669428909515936,0,0.494356349134433,0,-3.32192809488736,16.0777128279289,7.81646745294266,1.39235412410101,7.86057258893471,-0.547083817727908,0.37229924918945,0.235195382544562,0.173005654748287,NA,123,1.20073030340373,NA,0.625523852491947,-0.216709312805558,0.797849623315885,123,0.780135108378832,1.01765077194355,NA,26,1494,0
"E-MTAB-2809-fpkms_median.tsv","RNAseq_fpkms_median",8,27803,1,8,0,87.5,18.8684674315721,29.4392691436176,24.864223285257,45.8080063302521,100,-0.0952380952380952,0.840128968253968,-0.638478512735535,0,1.78677162792716,2,-3.32192809488736,14.8763250860632,7.6267440945076,1.26494794214757,7.67432675547725,-0.520130800270334,-0.00716195965740739,0.328166774835866,0.21956247255928,NA,123,1.85781273824331,NA,0.324240987535405,-0.116979751241612,0.850403996314218,123,0.295011679301742,0.725876474305736,NA,8,954,0
"E-MTAB-2812-fpkms_median.tsv","RNAseq_fpkms_median",25,29671,1,25,0,96,22.5304169053958,70.183006976509,46.3663509824408,81.2544235111725,100,0.306923076923077,0.135574881615021,-0.663542937090861,0,2.12100769713084,2.32192809488736,-3.32192809488736,19.2351143764862,9.25049352558518,3.53671242697027,9.54275289662963,-0.514192301800301,0.0161839421883626,0.227825878066372,0.147829954071245,NA,123,0.819886287252694,NA,0.506958709631821,-0.144595373888733,0.838473999489555,123,1.61256384676427,2.82809859775569,NA,25,2553,0
"E-MTAB-2836-fpkms_median.tsv","RNAseq_fpkms_median",32,42854,1,32,0,96.875,20.2688197134457,59.6327063984692,45.9127940215616,70.1801465440799,100,0.110703812316716,0.544934155467234,-0.637085777964012,0,0.677679873502601,1,-3.32192809488736,16.8698227401485,6.84143662163502,1.10565549751341,7.00485876513859,-0.498498655150433,0.22808403264252,0.162814481373438,0.13054395030514,NA,123,0.191506427580941,NA,0.202828015529216,-0.126006077441485,0.76351227046642,123,0.627259404702488,1.0058765094423,NA,32,1471,0
"E-MTAB-2848-fpkms_median.tsv","RNAseq_fpkms_median",13,25097,1,13,0,92.3076923076923,13.9817508068693,30.4737618041997,19.7559622510812,41.0766227039088,100,-0.565934065934066,0.0473395951811578,-0.724466363038291,0,2.16443478769712,2.32192809488736,-3.32192809488736,18.1255345510424,7.24461562910907,1.58730687369873,7.48775314562455,-0.329205509176874,-0.133569662811203,0.28465671319121,0.253583642203244,NA,123,1.06601728664416,NA,0.0940509189821101,-0.0932907945567678,0.813137295509806,123,0.439266996109056,1.45883020701392,NA,13,1335,0
"E-MTAB-3079-fpkms_median.tsv","RNAseq_fpkms_median",14,31450,1,14,0,92.8571428571429,21.5834658187599,47.275039745628,36.6654553713377,62.2607313195548,100,0.134065934065934,0.64847616069147,-0.781939502341593,0,1.05250338302176,1,-3.32192809488736,16.6688157500804,8.5399994175086,0.869798763593459,8.58186766810538,-0.903232789425418,0.13555241635839,0.298856603292546,0.182992095260552,NA,123,0.18338661865109,NA,0.215327968143885,-0.0797846142591137,0.798186948555807,123,0.622262033685481,0.862623450842335,NA,14,968,0
"E-MTAB-3716-fpkms_median.tsv","RNAseq_fpkms_median",8,41567,1,8,0,87.5,30.7671951307528,50.5593379363437,38.3408112204393,65.1285875814949,100,-0.285714285714286,0.500793650793651,-0.607407750853942,0,0.29528497317888,0,-3.32192809488736,15.2001323145648,6.9036032998844,1.19704111528067,7.00885847393274,-0.162703731648682,0.499001586427062,0.359684086782374,0.243040330630481,NA,123,1.69112390207196,NA,0.379267737591042,-0.110305547140926,0.874167499044041,123,0.988731509885177,2.74986991499667,NA,8,757,0
"E-MTAB-3717-fpkms_median.tsv","RNAseq_fpkms_median",6,26115,1,6,0,83.3333333333333,14.0723721998851,42.3205054566341,25.8893356308635,48.7267853723913,100,-0.542857142857143,0.297222222222222,-0.637940817311172,0,1.60034493064316,1.58496250072116,-3.32192809488736,15.7498956084717,7.55077990421287,1.64451553813477,7.76612496350681,-0.414747350467434,0.0806230240070067,0.37274700143236,0.305555578963209,NA,123,1.84809045019981,NA,0.358649430088747,-0.159800694051935,0.909588641349042,123,1.18611726574696,1.02758371230187,NA,6,864,0
"E-MTAB-3718-fpkms_median.tsv","RNAseq_fpkms_median",6,30604,1,6,0,83.3333333333333,12.6159979087701,41.854006012286,31.7959525987888,53.512612730362,100,0.0285714285714286,1,-0.540502078386858,0,0.96366281628244,1,-3.32192809488736,15.3912435894274,8.26948598579843,1.38087027656377,8.32205701819596,-0.657621013274382,0.198789652677691,0.378031956057376,0.32360071278579,NA,123,1.93170794030782,NA,0.601381628750248,-0.226422450210364,0.918794014954949,123,1.68285068868177,1.44208892073268,NA,6,709,0
"E-MTAB-3719-fpkms_median.tsv","RNAseq_fpkms_median",6,25915,1,6,0,83.3333333333333,12.2052865136022,34.5359830214162,25.7482796321307,45.2633609878449,100,-0.657142857142857,0.175,-0.607935516125807,0,1.59295836048874,1.58496250072116,-3.32192809488736,16.532705962855,8.96986373586468,1.43951039416276,9.03629519935051,-0.521503224253253,0.143752919122975,0.355251023960957,0.315912403545898,NA,123,2.13039602535688,NA,0.470368050906661,-0.158695003336767,0.907319490761518,123,1.00726676624945,0.487422681075566,NA,6,1108,0
"E-MTAB-3724-fpkms_median.tsv","RNAseq_fpkms_median",5,20427,1,5,0,80,9.23287805355657,27.3265775689039,18.8818720321144,36.3146815489303,100,-0.9,0.0833333333333333,-0.645552601067665,0,1.53641577400088,2,-3.32192809488736,17.0166777290185,7.91708509738868,1.22571454265703,7.95345498604411,-0.15669881706431,0.0894520468059341,0.391619506632325,0.324181378222406,NA,123,2.39568708976706,NA,0.182583003402017,-0.103681206275199,0.933107533521996,123,0.910742365434595,0.734891316102309,NA,5,871,0
"E-MTAB-3725-fpkms_median.tsv","RNAseq_fpkms_median",5,26456,1,5,0,80,23.2310250982764,33.1720592682189,27.0842153008769,48.2385848200786,100,0.3,0.683333333333333,-0.633661095839248,0,0.820603988717566,1,-3.32192809488736,16.5814212776091,7.69287063411315,1.2078297268654,7.98913098023533,-0.339023703082592,0.325073825478529,0.379577183320263,0.325081718565364,NA,123,3.15799657504895,NA,0.430386093714466,-0.145323195994031,0.94708709582723,123,1.35841602374261,3.21693305286218,NA,5,761,0
"E-MTAB-3726-fpkms_median.tsv","RNAseq_fpkms_median",5,18363,1,5,0,80,9.90578881446387,24.4186679736427,17.1649512606873,34.5477318520939,100,-0.8,0.133333333333333,-0.560750644141004,0,1.91327908822157,2,-3.32192809488736,15.9010318558303,7.39939985659324,1.72950403540573,7.53688716351837,0.125763625982909,0.0932011647103188,0.407872664645341,0.303441571995408,NA,123,2.37679148330224,NA,0.0396557893584106,-0.0767201476353165,0.924058251019873,123,0.94718640380954,1.9733425972817,NA,5,1066,0
"E-MTAB-3819-fpkms_median.tsv","RNAseq_fpkms_median",8,39018,1,8,0,87.5,12.2020605874212,63.9320313701369,42.9478061407556,70.0343431236865,100,0.761904761904762,0.0367559523809524,-0.624513893055823,0,0.29248976043807,0,-3.32192809488736,14.6888513068677,7.62327575438365,1.08826185006536,7.11841543541051,0.184452769165216,0.663820631090342,0.29188664852449,0.227456819888595,NA,123,1.88224936544459,NA,0.137365686109923,-0.0528534891369273,0.872235517474919,123,1.85791199033351,2.38680259315094,NA,8,937,0
"E-MTAB-3826-fpkms_median.tsv","RNAseq_fpkms_median",6,32255,1,6,0,83.3333333333333,14.1280421640056,33.3653697101225,22.9416627912985,44.5574329561308,100,-0.828571428571429,0.0583333333333333,-0.712025376704942,0,1.75433156865007,2,-3.32192809488736,15.4369717450491,7.81776890108661,2.96184736645089,8.15560534769267,-0.623167282098216,-0.0177250277607794,0.592830610992644,0.175707189706174,NA,123,2.44352068476317,NA,0.458778704787322,-0.153008964844996,0.91068881713934,123,0.669880526509334,3.51324288450638,NA,6,936,0
"E-MTAB-3827-fpkms_median.tsv","RNAseq_fpkms_median",27,42347,1,27,0,96.2962962962963,33.0814461473068,45.7293314756653,39.389208558217,66.6611566344723,100,-0.245421245421245,0.216361209142469,-0.761942928765222,0,0.375996921580894,0,-3.32192809488736,18.3436715297777,7.44049876791744,1.09580503578854,7.47520739395691,-0.35963557975053,0.405463243131517,0.223957676745162,0.17531735964661,NA,123,0.792200666009634,NA,0.325891743258634,-0.100029055614888,0.790157908900977,123,0.255759904386571,0.371601787271487,NA,27,1641,0
"E-MTAB-3838-fpkms_median.tsv","RNAseq_fpkms_median",83,23841,1,83,0,98.7951807228916,14.6302587978692,44.599639276876,30.2128610073868,57.7031164800134,100,-0.0799617980122373,0.472393275381235,-0.786152970341807,0,2.11270264438569,2.32192809488736,-3.32192809488736,19.1102768374539,6.63206662306047,1.64205005868395,6.85608461887011,0.174820843178715,-0.125006936755077,0.24394672782553,0.130937637124562,NA,123,0.907482927626873,NA,-0.0539179994311839,-0.0709095737282011,0.788975301203743,123,0.6485647296752,1.28668131377637,NA,83,3465,0
"E-MTAB-3839-fpkms_median.tsv","RNAseq_fpkms_median",6,30429,1,6,0,83.3333333333333,13.4641296131979,24.0362811791383,20.2142692825923,37.0206053435867,100,0.485714285714286,0.355555555555556,-0.582548968936678,0,2.04630248309291,2.32192809488736,-3.32192809488736,12.9797824307031,7.94967633961237,1.11875301962503,7.9697157868565,-0.624686215739227,-0.215180304175183,0.43484272274659,0.230824632443087,NA,123,2.45945441479091,NA,0.238237558264018,-0.147446242739726,0.916419204906977,123,0.442966929682499,0.583418792578518,NA,6,760,0
"E-MTAB-3871-fpkms_median.tsv","RNAseq_fpkms_median",19,49012,1,19,0,94.7368421052632,24.5898963519138,47.9943687260263,33.2036837380319,63.4007998041296,100,0.17719298245614,0.466398197967664,-0.755517760486355,0,0.00740528528437473,-0.321928094887362,-3.32192809488736,18.1047113573488,7.13354406683117,0.7,6.99498876346748,-0.572803763197894,0.468960736661763,0.33421474626994,0.134444198699862,NA,123,1.63538537228461,NA,0.178948157818032,-0.0934792354409016,0.802901226659596,123,0.472782854136989,0.833403829549771,NA,19,1038,0
"E-MTAB-3983-fpkms_median.tsv","RNAseq_fpkms_median",457,54352,1,457,0,99.781181619256,45.1832499264057,64.7133500147189,53.9113101146655,84.1422578745952,100,0.607261148903349,2.14291265995909e-47,-0.753714798402901,0,0.359209375331045,0,-3.32192809488736,20.0894090998707,8.30251090398685,0.970702143966452,8.29224344898758,-0.815307815677871,0.32442279622811,0.0949867631750417,0.0596701785808793,NA,123,0.148721846055651,NA,0.311515543668666,-0.165175690977103,0.682676150504428,123,0.285319524692332,0.333518931430652,123,200,6265,0
"E-MTAB-4045-fpkms_median.tsv","RNAseq_fpkms_median",43,48180,1,43,0,97.6744186046512,23.870900788709,40.6953092569531,30.8361087781285,56.6542133665421,100,0.344848416449948,0.0235339522326234,-0.805838497104633,0,1.8229117410477,2,-3.32192809488736,17.8099878818478,6.14992291989756,1.33333333333333,6.11389785565423,-0.0184217218374991,-0.0473879990261177,0.182496608787617,0.122359557958313,NA,123,0.786926571085511,NA,0.134236950567152,-0.0922317308486467,0.729313622011624,123,0.481328086973548,0.854674510610342,NA,43,2055,0
"E-MTAB-4101-fpkms_median.tsv","RNAseq_fpkms_median",6,29636,1,6,0,83.3333333333333,28.2932919422324,34.8933729248212,31.0270166914113,53.2764205695775,100,0.371428571428571,0.497222222222222,-0.739743077362254,0,0.605824466148393,0,-3.32192809488736,13.5592575780351,9.0981467034537,0.5,9.08725527905273,-0.885876514772569,0.272362555848825,0.290050142031731,0.24858684719236,NA,123,4.63240374533339,NA,0.13123476642838,-0.0766311222558136,0.956396857332931,123,0.262695253038528,0.456426849577646,NA,6,694,0
"E-MTAB-4202-fpkms_median.tsv","RNAseq_fpkms_median",10,24555,1,10,0,90,12.6776623905518,20.4439014457341,14.8878028914681,26.9273060476481,100,-0.163636363636364,0.656721421523199,-0.746636169820974,0,2.59913394523412,3.16992500144231,-3.32192809488736,14.2811331379623,8.27287783752613,0.182864735004635,8.21645536247577,-0.2822779053051,-0.367411212590959,0.464359230938075,0.166652190078828,NA,123,0.598776763465567,NA,-0.069775958343353,-0.0104856490365104,0.845624836545305,123,0.323860301658232,0.463522457766138,NA,10,1409,0
"E-MTAB-4260-fpkms_median.tsv","RNAseq_fpkms_median",6,67660,1,6,0,83.3333333333333,21.4365947383979,31.24002364765,26.9846782934279,53.1126219331954,100,-0.0857142857142857,0.919444444444444,-0.576753813024196,0,2.04935514588049,2,-3.32192809488736,14.8600685158673,4.06571466757084,0.693808786367246,4.10224616694839,0.293510969897627,0.497069761637311,0.392093744111902,0.225967684318065,NA,123,2.04737549012376,NA,0.215924913246289,-0.0213509189228998,0.893594291747286,123,0.4894507850907,1.56375671534223,NA,6,979,0
"E-MTAB-4270-fpkms_median.tsv","RNAseq_fpkms_median",25,50741,1,25,0,96,14.5641591612306,35.6575550343903,21.0728207958062,49.9103289253267,100,-0.674615384615385,0.000307954718093703,-0.762426060237069,0,1.5062233076545,1.58496250072116,-3.32192809488736,16.5150067791148,6.4086753266734,1.42788924326602,6.50064827901239,-0.23629831597831,0.0244922834422148,0.223457527377525,0.191806124680312,NA,123,0.723360894904393,NA,0.157155400358676,-0.0554619784635216,0.713929610033744,123,0.28531119684355,0.949362106610195,NA,25,1640,0
"E-MTAB-4342-fpkms_median.tsv","RNAseq_fpkms_median",92,37844,1,92,0,98.9130434782609,26.2260860374168,41.9062466969665,33.1229061639775,59.6025790085615,100,0.081731732503121,0.437934956926523,-0.857534009020195,0,2.0309113110131,2.32192809488736,-3.32192809488736,15.0438389985,8.11410475951885,1.27033505937149,8.09864539259571,-0.653950008969012,-0.207334488458505,0.28302063104335,0.156765900532672,NA,123,0.744141302177548,NA,0.378091872782549,-0.147357058169792,0.781009949494675,123,0.354436534909704,0.857401298352509,NA,92,2221,0
"E-MTAB-4344-fpkms_median.tsv","RNAseq_fpkms_median",13,42506,1,13,0,92.3076923076923,15.8777584341034,50.498753117207,42.9503165164013,67.8892391662354,100,-0.192307692307692,0.529184736920623,-0.609092721873202,0,0.342359757268554,0,-3.32192809488736,16.0457170077531,7.12361098351189,1.25605306434613,7.09890404064663,-0.312695469174334,0.360609476560348,0.20827405619014,0.148848149864832,NA,123,1.71794765478284,NA,0.255016320596377,-0.139128098667281,0.818345509835961,123,0.782442094224899,0.587601692932684,NA,13,964,0
"E-MTAB-4350-fpkms_median.tsv","RNAseq_fpkms_median",9,25114,1,9,0,88.8888888888889,13.2834275702795,18.6151150752568,15.683593922823,30.1943139284861,100,-0.783333333333333,0.0172233245149912,-0.747292359684652,0,2.16488493437566,2.58496250072116,-3.32192809488736,18.5757755798748,8.76906758958833,0.338062075490597,8.57572282550973,-0.382367061241228,-0.0813183994741397,0.254542101170641,0.169721030021085,NA,123,2.61082715293499,NA,-0.0371356812396731,-0.0112300492237418,0.826144984933705,123,0.231292950022412,0.307982946157063,NA,9,1425,0
"E-MTAB-4395-fpkms_median.tsv","RNAseq_fpkms_median",53,34900,1,53,0,98.1132075471698,24.163323782235,39.7936962750716,30.9103097799643,56.4097421203438,100,-0.237945492662474,0.086300907633543,-0.871309333001112,0,1.97810711332543,2.32192809488736,-3.32192809488736,16.3171299263845,7.16317452960073,0.985486645315691,7.41240414429594,-0.471008382713488,-0.094769185511072,0.34645812298092,0.193949682018709,NA,123,0.568082314342254,NA,0.175203416828541,-0.0536306599161908,0.732713264583101,123,0.336291871089926,0.522422598387468,NA,53,2448,0
"E-MTAB-4400-fpkms_median.tsv","RNAseq_fpkms_median",9,31679,1,9,0,88.8888888888889,15.9916664036112,26.3392152530067,20.6491506816643,42.3687616402033,100,-0.666666666666667,0.0588899911816579,-0.717630880424133,0,1.80036500253421,2,-3.32192809488736,16.1143727190361,8.13029053027542,1.33519821895582,8.10603665953135,-0.624194908991034,-0.120429112767896,0.288665238594033,0.2077378329783,NA,123,1.08213443876247,NA,0.222816678878402,-0.113759970081505,0.838620078067047,123,0.2638572022971,0.505170740505291,NA,9,1029,0
"E-MTAB-4401-fpkms_median.tsv","RNAseq_fpkms_median",9,31151,1,9,0,88.8888888888889,16.1278931655485,33.003755898687,20.076402041668,43.5876857885782,100,-0.166666666666667,0.677744708994709,-0.745935694732157,0,1.65091563636851,2,-3.32192809488736,16.128115185136,8.35046379269831,1.42912058882403,8.32441251000048,-0.516583004852014,0.0651324641182968,0.292503054788539,0.205289177775582,NA,123,1.13096085817852,NA,0.288710652029825,-0.0942271490468123,0.841728033512216,123,0.851264682620953,1.60590921914464,NA,9,1278,0
"E-MTAB-4404-fpkms_median.tsv","RNAseq_fpkms_median",116,27985,7,116,0,93.9655172413793,0,47.4468465249241,28.0625704657052,58.0453814543505,93.9655172413793,-0.144620188302886,0.121407369729516,-0.787729904396914,0,1.94616905638062,2,-3.32192809488736,19.7562533403891,6.99419166658182,1.67756059114399,6.73149384406932,-0.141890466399046,-0.0458266666324165,0.362723993983545,0.222696938669163,NA,123,1.64462158510066,NA,0.0824046896557908,-0.0453054958522277,0.829394708199509,123,1.05471450183447,1.48960156525441,NA,109,3466,0
"E-MTAB-4484-fpkms_median.tsv","RNAseq_fpkms_median",15,97137,1,15,0,93.3333333333333,23.6233361129127,39.2661910497545,29.9484233608203,57.4024316172004,100,-0.603571428571428,0.0195408305185619,-0.67247922718463,0,0.957542534004857,1,-3.32192809488736,16.3889254128561,6.46017374666568,1.45843011339906,6.5400901178667,-0.466565599045369,0.114873204398411,0.223750841642764,0.203097860163875,NA,123,0.783124685224345,NA,0.327033901118806,-0.100123146258262,0.813846691908603,123,0.375717949985283,1.1198247703609,NA,15,1148,0
"E-MTAB-4644-fpkms_median.tsv","RNAseq_fpkms_median",8,878,1,8,0,87.5,26.5375854214123,43.3940774487472,36.4464692482916,56.2642369020501,100,-0.785714285714286,0.0279265873015873,-0.70186858015394,3.3112428691984e-131,4.20123589482456,4.8073549220576,-3.32192809488736,13.8319999195097,24.1444640070888,1.93336389975353,24.0806417070965,-1.29653620981777,-0.178864011522789,0.293517622837619,0.16589379895927,NA,NA,2.07762915759306,NA,1.58215757604846,-0.268353069099776,0.913022104442189,123,0.776937483065737,0.834502588066883,NA,8,1223,0
"E-MTAB-4723-fpkms_median.tsv","RNAseq_fpkms_median",5,16629,1,5,0,80,14.9497865175296,30.567081604426,19.3806001563534,38.499007757532,100,0.6,0.35,-0.741327310550612,0,2.06955220594673,2.32192809488736,-3.32192809488736,16.3131841941706,10.3829596685921,0.782274267351251,9.88379130963365,-0.696081598707157,-0.0303349926315425,0.664883978648083,0.154826547259808,NA,123,1.24131149951383,NA,0.0811191621119359,-0.029169156807972,0.910583319837453,123,0.945630092058521,1.54140976391367,NA,5,1015,0
"E-MTAB-4748-fpkms_median.tsv","RNAseq_fpkms_median",196,48427,1,196,0,99.4897959183673,38.0634769859789,61.3005141759762,46.5787553999856,75.488880170153,100,0.736049164508011,1.03268790273425e-34,-0.793788666616082,0,0.304080514157137,0,-3.32192809488736,16.3490392847749,8.18184098839398,0.267262094508333,8.17280018230914,-0.723278676027202,0.39381656559111,0.17258829488999,0.114894718932243,NA,123,2.31844763205566,NA,0.0560329228893727,-0.0255113115418263,0.706433134705519,123,0.251947369396468,0.190195160300668,NA,196,3541,0
"E-MTAB-4765-fpkms_median.tsv","RNAseq_fpkms_median",9,16805,1,9,0,88.8888888888889,31.1573936328474,78.9705444808093,46.094085754901,90.9372210651592,100,0.9,0.00202821869488536,-0.389660400542173,0,4.7668910742646,4.58496250072116,-0.514573172829758,16.4460817247919,3.63135245348502,0.969305208217872,3.7247556596241,0.337141936663246,0.5286108494265,0.287326064401611,0.153370244200499,NA,123,1.48346234397284,NA,0.224949351582877,-0.00364195094784996,0.849862359219123,123,2.54346541567461,7.38863484013121,NA,9,1533,0
"E-MTAB-4801-fpkms_median.tsv","RNAseq_fpkms_median",30,41254,1,30,0,96.6666666666667,42.839482232026,52.7148882532603,47.675780934374,73.2656227274931,100,0.532814238042269,0.00279894294234209,-0.663788515286211,0,0.870858608070808,1,-3.32192809488736,13.9701957865552,7.70332777331144,0.622901817494328,7.67462563246108,-0.79631478054217,0.187508951363592,0.160904847708791,0.0769793854253702,NA,123,0.122113894112698,NA,0.195675811777102,-0.0843491360284541,0.719999663132431,123,0.215774843930628,0.376951805534342,NA,30,1265,0
"E-MTAB-4812-fpkms_median.tsv","RNAseq_fpkms_median",10,27319,1,10,0,90,11.4242834657198,27.4717229766829,18.9055236282441,36.7802628207475,100,-0.575757575757576,0.0877680432613641,-0.743672728282613,0,2.30586410427756,2.58496250072116,-3.32192809488736,14.9426061370228,8.44235783535814,0.879493621193462,8.52328757954607,-0.500548713542049,-0.167136257149284,0.344350850168742,0.194820940009599,NA,123,1.3125075867992,NA,0.034461587221618,-0.0657509257255458,0.855005861468728,123,0.427846007251927,0.339863854382614,NA,10,1351,0
"E-MTAB-4813-fpkms_median.tsv","RNAseq_fpkms_median",18,23637,1,18,0,94.4444444444444,11.7612218132589,25.878918644498,18.0557318328609,34.7421415577273,100,-0.277605779153767,0.263703718319715,-0.76264147444129,0,2.73632073663411,3,-3.32192809488736,15.0065452365015,7.35212897731625,0.5,7.47415075983828,-0.288221907062337,-0.245174223368921,0.54885237393569,0.126605557894679,NA,123,1.66081382690537,NA,0.0795506512593336,-0.0344735419010126,0.828569878232788,123,0.42420103766502,0.383288750544421,NA,18,1453,0
"E-MTAB-4840-fpkms_median.tsv","RNAseq_fpkms_median",165,65217,1,165,0,99.3939393939394,0,67.6403391753684,58.7942630686087,76.9124614747688,99.3939393939394,0.584430685019776,1.7085357149744e-16,-0.279672733176574,0,0.514628448827336,0,-3.32192809488736,15.0095662217129,7.39305578140024,0.873128251602026,7.33463766450027,-0.699516687916906,0.237993539062997,0.180689690920898,0.143153247799644,NA,123,0.574265148232985,NA,-0.0135041349839073,-0.0931939144175025,0.72480738416198,123,0.190587773716051,0.573538674374079,NA,164,3218,0
"E-MTAB-5020-fpkms_median.tsv","RNAseq_fpkms_median",8,34230,1,8,0,87.5,9.62313759859772,35.7873210633947,31.2321063394683,47.5372480280456,100,0.476190476190476,0.243055555555556,-0.796354757943005,0,0.483752034425979,0,-3.32192809488736,13.4241662888181,8.63273169963292,0.11375497894461,8.70843329366692,-0.942198749193822,0.261046068618346,0.299020936618929,0.188548569482835,NA,123,1.04633216054607,NA,-0.0327096181917392,-0.0133188820220109,0.977660706691855,123,0.841226015810927,1.05526939183333,NA,8,683,0
"E-MTAB-5071-fpkms_median.tsv","RNAseq_fpkms_median",10,29368,1,10,0,90,16.4022064832471,35.8689730318714,21.5659901934078,45.8798692454372,100,-0.36969696969697,0.295604089197812,-0.681953810580962,0,2.01479880318152,2,-3.32192809488736,13.8143821889516,5.96122248053512,0.679756318327261,6.01364523948899,-0.341949441191455,0.00316952549853865,0.428909357375411,0.138039905367825,NA,123,1.5119391707613,NA,0.0795663943184992,-0.0288452642420903,0.799087844536348,123,0.371070255031203,0.471437884935525,NA,10,939,0
"E-MTAB-5117-fpkms_median.tsv","RNAseq_fpkms_median",6,37247,1,6,0,83.3333333333333,9.09066502000161,10.7605981689801,10.214245442586,21.4862941981905,100,0.0285714285714286,1,-0.624549066233424,0,1.88599902823188,2.32192809488736,-3.32192809488736,14.1721930829105,8.40097150141503,0.323706617876479,8.41624454492457,-0.648559110990618,-0.117343152834988,0.657359960400385,0.158723971614025,NA,123,1.23967899726412,NA,0.0716272298576155,-0.0294589335793284,0.948130572064265,123,0.176223838490879,0.635382841762219,NA,6,1065,0
"E-MTAB-513-fpkms_median.tsv","RNAseq_fpkms_median",16,45536,1,16,0,93.75,24.2555340829234,59.8098208011244,44.2608595397049,71.7586085734364,100,0.158823529411765,0.556032269564327,-0.660043555441272,0,0.339573829373845,0,-3.32192809488736,16.2954640367547,7.31398246789501,1.07024458744072,7.36804725034282,-0.516404793061176,0.382773861179134,0.192236371664572,0.152713057201193,NA,123,1.31850295671243,NA,0.222025805414044,-0.116169326521289,0.801784112989634,123,0.793875841155822,0.987048654954994,NA,16,1067,0
"E-MTAB-5200-fpkms_median.tsv","RNAseq_fpkms_median",76,44120,1,76,0,98.6842105263158,34.2157751586582,53.8939256572983,43.3783461373288,70.8386219401632,100,-0.0622697352696383,0.593080633479768,-0.803890427916886,0,0.385305607509133,0,-3.32192809488736,17.6197328108245,7.29903751824446,0.881496074310201,7.41181965994326,-0.535809116852101,0.324736416022337,0.220066454842013,0.109861228175039,NA,123,0.573893735386673,NA,0.194352925847671,-0.111356237839415,0.747474692885022,123,0.265600349869353,0.393805592844177,NA,76,2238,0
"E-MTAB-5214-fpkms_median.tsv","RNAseq_fpkms_median",53,44801,1,53,0,98.1132075471698,12.0287493582733,52.2845472199281,40.1047736046997,64.420437043816,100,-0.664744895008771,5.6884562988349e-08,-0.636175726362846,0,0.170354656569616,0,-3.32192809488736,17.4521366515469,7.12499056968373,0.770088077917917,7.0539508428852,-0.437413994324272,0.400604662485874,0.263197260585479,0.113269497969374,NA,123,0.497137811287907,NA,0.135945672671254,-0.100389905109965,0.845805914092555,123,0.429401969732613,0.366739706446124,NA,53,1778,0
"E-MTAB-552-fpkms_median.tsv","RNAseq_fpkms_median",15,28808,1,15,0,93.3333333333333,17.5610941405165,29.2384059983338,23.6478293066741,47.4694529297417,100,-0.360714285714286,0.186968371909737,-0.735665049584895,0,2.19276725369028,2.32192809488736,-3.32192809488736,14.946586492777,7.30429188416378,0.986704996742795,7.55319875811729,-0.364214383767949,0.0889335960893687,0.267884212040877,0.219681069617215,NA,123,0.260432070256166,NA,0.317092700317208,-0.0722472968801783,0.819970374877983,123,0.522261944106002,1.29008417419427,NA,15,1725,0
"E-MTAB-5895-fpkms_median.tsv","RNAseq_fpkms_median",50,27486,1,50,0,98,23.1899876300662,50.6184966892236,33.586916975915,62.6282471076184,100,0.403313325330132,0.0039309291495151,-0.719636789560617,0,1.07143572432424,1,-3.32192809488736,17.7637570100369,5.98404585742363,1.17946694644447,6.16007042756699,0.194413530862295,0.204688057106534,0.325722405247509,0.102182299762734,NA,123,1.3960516165409,NA,0.188281171416797,-0.0652163547592771,0.795843603468029,123,0.692839689018727,1.12873354314284,NA,50,2204,0
"E-MTAB-5956-fpkms_median.tsv","RNAseq_fpkms_median",11,29865,1,11,0,90.9090909090909,16.0488866566215,34.7061778001004,23.9660289484498,50.5842959986606,100,-0.163636363636364,0.633869587610079,-0.68449718180763,0,2.01782630250361,2.32192809488736,-3.32192809488736,16.8056557159554,7.09407663890786,2.15086897199392,7.51590557305877,-0.527826582759413,-0.0466308779580385,0.40010612980097,0.238728183008495,NA,123,1.91365535282724,NA,0.463887967145418,-0.112574383386855,0.882417277001539,123,2.89077379498932,1.73403317533601,NA,11,1061,0
"E-MTAB-599-fpkms_median.tsv","RNAseq_fpkms_median",6,37524,1,6,0,83.3333333333333,11.883061507302,53.7949045943929,37.3738585083324,63.5113527342501,100,0.771428571428571,0.102777777777778,-0.740406334463515,0,0.4836114530399,0,-3.32192809488736,15.9105490459317,7.8400651728529,1.25605306434613,8.04285363056099,-0.741507154547052,0.32090620463909,0.395421863536447,0.224129537959102,NA,123,2.41055040876312,NA,0.50174962275711,-0.218525875691658,0.914268317324422,123,2.50849542724611,3.58319095629123,NA,6,652,0
"E-MTAB-6592-fpkms_median.tsv","RNAseq_fpkms_median",9,27966,1,9,0,88.8888888888889,18.1005506686691,23.2961453193163,20.2583295589088,34.9495816348423,100,0.0666666666666667,0.880092592592593,-0.687960104286325,0,0.930707020124436,1,-3.32192809488736,12.6906527993485,6.7240706906813,0.160990244746155,6.72308886780344,-0.625785433464534,0.112968613729617,0.39222026172158,0.157923973066261,NA,123,1.71504437305962,NA,-0.0188545027629196,-0.0103459842157742,0.881378786922002,123,0.193876370409012,0.326247605955962,NA,9,693,0
"E-MTAB-6769-fpkms_median.tsv","RNAseq_fpkms_median",62,23310,1,62,0,98.3870967741936,10.9309309309309,36.9455169455169,25.1302223882869,47.1685971685972,100,-0.556143134144192,4.03496446019475e-06,-0.830165963330192,0,2.00302904075323,2.58496250072116,-3.32192809488736,16.409357785595,8.39976645805642,1.18969295318318,8.49079992425342,-0.558439786212686,-0.208899791992023,0.312795715814901,0.183513350861186,NA,123,1.12228212909198,NA,0.190317197499514,-0.10776267100223,0.780311535758518,123,0.573760173874943,0.606737179897082,NA,62,2594,0
"E-MTAB-6782-fpkms_median.tsv","RNAseq_fpkms_median",103,26529,1,103,0,99.0291262135922,21.3916845716009,46.6583738550266,32.6837419537586,55.6598439443628,100,-0.0952315578781592,0.338629661584531,-0.848236534263028,0,2.19406418391528,2.8073549220576,-3.32192809488736,16.9410705381115,9.51156719860312,0.889837393433876,9.48438926026943,-0.775728307000325,-0.22868751088263,0.295072429976499,0.163890419540866,NA,123,0.719447369698991,NA,0.275485436973554,-0.115159798643846,0.79726226681969,123,0.330316822852173,0.307438797784088,NA,103,2923,0
"E-MTAB-6798-fpkms_median.tsv","RNAseq_fpkms_median",94,44330,1,94,0,98.936170212766,30.8820212046019,59.0119557861493,46.5462368791126,70.3135574103316,100,0.35174782989006,0.000508029818383122,-0.770774813857011,0,0.750705259271268,1,-3.32192809488736,16.3951324383858,8.12042867919808,0.802875085575859,8.15825149047004,-0.909519404636096,0.14207026795658,0.24598666681588,0.170986332250798,NA,123,0.363015898063016,NA,0.298458412232542,-0.164099414277818,0.788406290148495,123,0.431719391470363,0.478953746061176,NA,94,2094,0
"E-MTAB-6811-fpkms_median.tsv","RNAseq_fpkms_median",104,26762,1,104,0,99.0384615384615,22.4347956057096,43.5131903445183,33.9837484837859,55.9524699200359,100,-0.146698744794282,0.13727643249984,-0.818351091661375,0,2.07825489445037,2.58496250072116,-3.32192809488736,16.5036860074068,8.94229492554564,1.09553583031626,8.99934852011459,-0.654618138996629,-0.200539970270799,0.272258843786208,0.161183770148433,NA,123,0.730872213007956,NA,0.265774387404054,-0.129026812562708,0.787900198508851,123,0.387176999328276,0.476966039706513,NA,104,3342,0
"E-MTAB-6813-fpkms_median.tsv","RNAseq_fpkms_median",77,32239,1,77,0,98.7012987012987,23.0745370513974,48.8941964701138,38.8843390859582,61.6334253543844,100,-0.341737210158263,0.00247512843912277,-0.840061461490758,0,1.42731048250174,1.58496250072116,-3.32192809488736,16.3843115867637,8.09284083413938,1.05191549880004,8.18209555267057,-0.704998802119091,-0.0143624569703316,0.304320914645445,0.151013044908857,NA,123,0.905585717315395,NA,0.345006530971148,-0.149646371526156,0.767647793243182,123,0.39435034743373,0.462909440353747,NA,77,2261,0
"E-MTAB-6814-fpkms_median.tsv","RNAseq_fpkms_median",119,51997,1,119,0,99.1596638655462,26.1668942438987,62.1651249110526,47.1383853270139,75.3620401176991,100,0.0222333396833775,0.810325054034691,-0.75381219737162,0,0.310519028262099,0,-3.32192809488736,16.6325976744462,7.28374090227825,0.930981706867843,7.31047271451239,-0.620984895789869,0.347423306266187,0.228974414846964,0.139612494269692,NA,123,0.478544258384611,NA,0.262777244334174,-0.133610972898287,0.700618738705913,123,0.446357595490664,0.542341020513769,NA,119,2871,0
"E-MTAB-6833-fpkms_median.tsv","RNAseq_fpkms_median",96,32146,1,96,0,98.9583333333333,21.9871834753935,50.7497044733404,39.4923098260022,62.4992222982642,100,-0.0368149755832881,0.721318063536972,-0.848794806950376,0,1.8592186446333,2.32192809488736,-3.32192809488736,16.535806932222,9.64382328607005,1.25761116699765,9.72723243701048,-0.779111853230336,-0.0757272792796571,0.282609142656635,0.150837937464846,NA,123,0.760732595120988,NA,0.428677936131388,-0.152967236923736,0.791043007925195,123,0.532432503786697,0.672123608040116,NA,96,3298,0
"E-MTAB-6867-fpkms_median.tsv","RNAseq_fpkms_median",6,28099,1,6,0,83.3333333333333,23.4314388412399,32.3285526175309,28.8278349170196,50.0978682515392,100,0.657142857142857,0.175,-0.720370544389726,0,0.537191776457028,0,-3.32192809488736,12.702822011777,9.33189647933238,0.335909967362807,9.38483731071709,-0.94866489701939,0.30192584060032,0.304911362390263,0.240652478443551,NA,123,3.68348788779819,NA,0.104029472029625,-0.057700249219424,0.992950417072214,123,0.284686135677563,0.349445400939781,NA,6,695,0
"E-MTAB-7322-fpkms_median.tsv","RNAseq_fpkms_median",1005,41922,1,1005,0,99.9004975124378,41.679786269739,60.1688850722771,50.170703184616,71.642574304661,100,0.922647730707986,0,-0.792782748331724,0,0.984532537826789,1,-3.32192809488736,15.8685332152599,8.46850189349676,0.221862710150368,8.47772920916631,-0.833611940180698,0.152444399293166,0.170250097956489,0.0773860335550205,NA,123,1.48557205224653,123,0.013290849148493,-0.0152489201255961,0.778989945580221,123,0.282944925817259,0.521288903466269,123,200,5079,0
"E-MTAB-7391-fpkms_median.tsv","RNAseq_fpkms_median",5,18078,1,5,0,80,11.643987166722,20.1515654386547,16.653390861821,30.4126562672862,100,0.5,0.45,-0.686792175321328,0,2.08097686627278,2.32192809488736,-3.32192809488736,13.3488664427566,6.5752778424466,0.219821297427878,6.55677405363819,-0.0604660706648952,-0.0589511501435555,0.405308443404986,0.261105696494539,NA,123,2.84470903113372,NA,-0.194405001796801,0.0040320161936178,0.892756707605433,123,0.490593358487429,0.599859110508358,NA,5,785,0
"E-MTAB-7394-fpkms_median.tsv","RNAseq_fpkms_median",12,35336,1,12,0,91.6666666666667,15.845030563731,28.3676703645008,23.0602879027998,45.0305637310392,100,-0.622377622377623,0.0348001228553438,-0.780915072527867,0,1.60187959799183,2,-3.32192809488736,15.0142820571594,8.85779838397618,0.826932475522105,8.95046331341413,-0.802609304029453,-0.0512090074117319,0.49176430816328,0.26309409587695,NA,123,2.04430156763558,NA,0.285090658671937,-0.111011287878649,0.841479946428832,123,0.274982292716547,0.544600977963573,NA,12,1190,0
"E-MTAB-7607-fpkms_median.tsv","RNAseq_fpkms_median",8,30180,1,8,0,87.5,11.7594433399602,17.5546719681909,14.3766567263088,29.2876076872101,100,0.428571428571429,0.299206349206349,-0.646458961189616,0,1.77030345076121,2,-3.32192809488736,15.9690941750853,7.98163460045012,0.674371372948097,7.90024695758875,-0.588069155689326,-0.0922333725008159,0.40284368045202,0.244572717802433,NA,123,1.55115178724041,NA,0.123171368920631,-0.0515615197221348,0.869810718715263,123,0.318680235572091,0.32306596359671,NA,8,909,0
"E-MTAB-7663-fpkms_median.tsv","RNAseq_fpkms_median",13,19006,1,13,0,92.3076923076923,12.627591286962,24.6238030095759,15.8711014335554,30.9533831421656,100,0.043956043956044,0.891846567393224,-0.763709628528796,0,2.31989679256887,2.8073549220576,-3.32192809488736,13.9322147519684,8.95663330368259,0.266666666666667,8.82012209284622,-0.545998490575447,-0.276353246181518,0.308638175018576,0.15404110307842,NA,123,1.08986667107996,NA,-0.00609684055227804,-0.0159657664518327,0.809015983822063,123,0.442237108481153,0.564617725921836,NA,13,1349,0
"E-MTAB-7887-fpkms_median.tsv","RNAseq_fpkms_median",6,27570,3,6,0,50,0,18.0304678998912,4.15729657840648,18.9263692419296,50,-0.0910765111078374,0.863762970020258,-0.519751782289288,0,1.62305904692479,1.58496250072116,-3.32192809488736,17.2787035337048,6.24606986251925,0.298898499994606,6.36178674580985,-0.33575061497784,0.348281273936897,0.535543928364322,0.177358379618789,NA,123,0.88421299270004,NA,-0.175409226845249,0.00612684359623895,0.926968475470648,123,1.14808230880967,4.11027480952026,NA,3,909,0
"E-MTAB-7933-fpkms_median.tsv","RNAseq_fpkms_median",12,24728,1,12,0,91.6666666666667,11.9014881915238,14.3966353930767,13.2194947697617,22.051924943384,100,-0.041958041958042,0.903738836202369,-0.69559548413054,0,2.37795974633485,2.8073549220576,-3.32192809488736,14.1902876785804,7.51522500747575,0.0926590609766769,7.53306381898013,-0.136765314143769,-0.239039226609612,0.321178654756245,0.226109288389053,NA,123,1.39219596395978,NA,-0.038383297982093,0.000120074858011938,0.765546960354283,123,0.096094329202119,0.129577966542972,NA,12,1480,0
"E-MTAB-7978-fpkms_median.tsv","RNAseq_fpkms_median",54,30014,1,54,0,98.1481481481482,14.8697274605184,55.4807756380356,27.2234685541809,69.4342640101286,100,-0.631179721745759,6.30545740121765e-07,-0.819742258797098,0,2.34587150185263,2.8073549220576,-3.32192809488736,17.1484467905359,7.82338391962282,2.00257231652819,8.05480737042826,-0.430708864687164,-0.259244452591196,0.197128859074755,0.150757279576198,NA,123,1.05194925067256,NA,0.308832183457099,-0.111836967486336,0.781995352590908,123,0.486067330379135,0.815770557573084,NA,53,2577,0
"E-MTAB-861-fpkms_median.tsv","RNAseq_fpkms_median",5,805,1,5,0,80,19.5031055900621,35.9006211180124,30.2608695652174,57.7639751552795,100,-0.1,0.95,-0.69487079331136,4.22228890790807e-117,8.15604869388127,8.02236781302845,4.08746284125034,16.3045117548067,3.01428873787674,0.526997357848576,3.22164355349088,0.700181046095779,0.672746757984225,0.513391463639749,0.236430907338549,1.42758350329381,NA,1.72171612181757,NA,0.478625838651068,-0.0189568582597455,0.957433521815631,123,0.98921185915298,2.27574450035903,NA,5,1119,0
"E-MTAB-8628-fpkms_median.tsv","RNAseq_fpkms_median",10,35410,1,10,0,90,16.9189494493081,30.9460604349054,23.1386613950861,45.1341428974866,100,-0.0545454545454545,0.891638843953117,-0.730689798514967,0,1.96614178891721,2.58496250072116,-3.32192809488736,13.8115753883758,8.24007421341616,1.19743630857271,8.32441456232203,-0.649873408867555,-0.240841107749584,0.312673181669348,0.185160238500735,NA,123,1.10777945661317,NA,0.355423365348827,-0.13751163081758,0.814050630808168,123,0.406330273813242,0.847928505938674,NA,10,1060,0
"E-MTAB-8641-fpkms_median.tsv","RNAseq_fpkms_median",10,35757,1,10,0,90,17.154682999133,31.5211007634869,23.0192689543306,45.2638644181559,100,-0.212121212121212,0.559908079271241,-0.748089679987896,0,1.93459732173881,2.32192809488736,-3.32192809488736,13.8038284107908,8.24951531752332,1.24613576847491,8.37505835932207,-0.676356185808127,-0.230615130567503,0.319457512906791,0.180468351226169,NA,123,1.06553573308909,NA,0.340321624608515,-0.131889524847233,0.833119458766336,123,0.342223156818918,0.555590871872816,NA,10,1068,0
"E-MTAB-8758-fpkms_median.tsv","RNAseq_fpkms_median",6,21787,1,6,0,83.3333333333333,6.62780557213017,9.00996006793042,7.95657961169505,15.4587598108964,100,-0.542857142857143,0.297222222222222,-0.588608027326086,0,2.31944913677349,2.58496250072116,-3.32192809488736,15.2114320582988,9.35836543647973,0.15232850469742,9.32503424627076,-0.449232744348982,-0.0157847656290476,0.727172926368161,0.097033883980577,NA,123,2.24647411462516,NA,-0.0302987779263954,-0.00380391986536193,0.950675864326081,123,0.1526435070981,0.203843613786275,NA,6,1199,0
"E-MTAB-8944-fpkms_median.tsv","RNAseq_fpkms_median",60,33920,1,60,0,98.3333333333333,22.2346698113208,35.6338443396226,28.3303360849057,44.1214622641509,100,0.347429841622673,0.00679205696087458,-0.848182229660131,0,1.95951272194826,2.32192809488736,-3.32192809488736,13.0691140617739,8.2139138247054,0.25,8.10878483197093,-0.567346838717917,-0.116311744884135,0.128086253226949,0.10774801828373,NA,123,0.113753614553343,NA,-0.060421243324913,-0.00859679325967604,0.643946204250081,123,0.17733887070162,0.331544980136051,NA,60,2636,0
"E-MTAB-9372-fpkms_median.tsv","RNAseq_fpkms_median",7,33180,1,7,0,85.7142857142857,14.662447257384,41.4978902953586,27.1699819168174,50.455093429777,100,0.642857142857143,0.138888888888889,-0.703634725719828,0,0.953664517924401,1,-3.32192809488736,13.8407779235951,5.9826801484708,0.5,5.95195949086256,-0.425679022018123,0.152227087655715,0.371435446915468,0.237183036680433,NA,123,1.71905326305412,NA,0.0274288019399912,-0.0313144462557653,0.872546531848249,123,1.19538503964098,1.8634127574809,NA,7,615,0
"E-MTAB-964-fpkms_median.tsv","RNAseq_fpkms_median",5,30861,1,5,0,80,13.5089595282071,52.7785878617025,25.3329444930495,60.3577330611451,100,-0.4,0.516666666666667,-0.60562287862375,0,2.16834613148127,2.58496250072116,-3.32192809488736,13.9771010067711,6.81964640254326,2.01913933149714,7.38966320057465,-0.590429039897463,-0.144637929836114,0.661441330291394,0.150997995667486,NA,123,3.90220457750059,NA,0.816492393811252,-0.1652226269665,0.925013384236672,123,0.439401881613153,0.616281082986446,NA,4,839,0
